[{"model": "admin.logentry", "pk": 1, "fields": {"action_time": "2022-04-18T17:53:59.991Z", "user": 1, "content_type": 6, "object_id": "8", "object_repr": "TEST", "action_flag": 3, "change_message": ""}}, {"model": "admin.logentry", "pk": 2, "fields": {"action_time": "2022-04-18T17:54:24.748Z", "user": 1, "content_type": 6, "object_id": "9", "object_repr": "TEST", "action_flag": 3, "change_message": ""}}, {"model": "admin.logentry", "pk": 3, "fields": {"action_time": "2022-04-18T17:58:21.033Z", "user": 1, "content_type": 7, "object_id": "7", "object_repr": "Test | Обувь", "action_flag": 3, "change_message": ""}}, {"model": "admin.logentry", "pk": 4, "fields": {"action_time": "2022-04-23T11:32:18.344Z", "user": 1, "content_type": 6, "object_id": "10", "object_repr": "Test", "action_flag": 3, "change_message": ""}}, {"model": "admin.logentry", "pk": 5, "fields": {"action_time": "2022-04-23T14:18:46.684Z", "user": 1, "content_type": 8, "object_id": "1", "object_repr": "root", "action_flag": 2, "change_message": "[{\"changed\": {\"fields\": [\"First name\"]}}]"}}, {"model": "admin.logentry", "pk": 6, "fields": {"action_time": "2022-04-27T10:11:32.681Z", "user": 1, "content_type": 8, "object_id": "8", "object_repr": "Sergey", "action_flag": 3, "change_message": ""}}, {"model": "admin.logentry", "pk": 7, "fields": {"action_time": "2022-04-27T10:11:32.701Z", "user": 1, "content_type": 8, "object_id": "7", "object_repr": "tester", "action_flag": 3, "change_message": ""}}, {"model": "admin.logentry", "pk": 8, "fields": {"action_time": "2022-04-27T10:11:32.718Z", "user": 1, "content_type": 8, "object_id": "6", "object_repr": "Sergei", "action_flag": 3, "change_message": ""}}, {"model": "admin.logentry", "pk": 9, "fields": {"action_time": "2022-04-27T10:11:32.734Z", "user": 1, "content_type": 8, "object_id": "5", "object_repr": "test2", "action_flag": 3, "change_message": ""}}, {"model": "admin.logentry", "pk": 10, "fields": {"action_time": "2022-04-27T10:11:32.751Z", "user": 1, "content_type": 8, "object_id": "4", "object_repr": "root3", "action_flag": 3, "change_message": ""}}, {"model": "admin.logentry", "pk": 11, "fields": {"action_time": "2022-04-27T10:11:32.761Z", "user": 1, "content_type": 8, "object_id": "3", "object_repr": "root2", "action_flag": 3, "change_message": ""}}, {"model": "admin.logentry", "pk": 12, "fields": {"action_time": "2022-04-27T10:11:32.770Z", "user": 1, "content_type": 8, "object_id": "2", "object_repr": "test", "action_flag": 3, "change_message": ""}}, {"model": "admin.logentry", "pk": 13, "fields": {"action_time": "2022-04-27T11:28:10.597Z", "user": 1, "content_type": 8, "object_id": "17", "object_repr": "testing", "action_flag": 3, "change_message": ""}}, {"model": "admin.logentry", "pk": 14, "fields": {"action_time": "2022-04-27T11:28:10.621Z", "user": 1, "content_type": 8, "object_id": "16", "object_repr": "anna", "action_flag": 3, "change_message": ""}}, {"model": "admin.logentry", "pk": 15, "fields": {"action_time": "2022-04-27T11:28:10.642Z", "user": 1, "content_type": 8, "object_id": "15", "object_repr": "anna_ol", "action_flag": 3, "change_message": ""}}, {"model": "admin.logentry", "pk": 16, "fields": {"action_time": "2022-04-27T11:28:10.660Z", "user": 1, "content_type": 8, "object_id": "14", "object_repr": "qqqqwwwwwwwwwwww", "action_flag": 3, "change_message": ""}}, {"model": "admin.logentry", "pk": 17, "fields": {"action_time": "2022-04-27T11:28:10.677Z", "user": 1, "content_type": 8, "object_id": "13", "object_repr": "asdasd", "action_flag": 3, "change_message": ""}}, {"model": "admin.logentry", "pk": 18, "fields": {"action_time": "2022-04-27T11:28:10.708Z", "user": 1, "content_type": 8, "object_id": "12", "object_repr": "sergei_z", "action_flag": 3, "change_message": ""}}, {"model": "admin.logentry", "pk": 19, "fields": {"action_time": "2022-04-27T11:28:10.718Z", "user": 1, "content_type": 8, "object_id": "11", "object_repr": "test", "action_flag": 3, "change_message": ""}}, {"model": "admin.logentry", "pk": 20, "fields": {"action_time": "2022-04-27T11:28:10.730Z", "user": 1, "content_type": 8, "object_id": "10", "object_repr": "xyn", "action_flag": 3, "change_message": ""}}, {"model": "admin.logentry", "pk": 21, "fields": {"action_time": "2022-04-27T11:28:10.743Z", "user": 1, "content_type": 8, "object_id": "9", "object_repr": "testt", "action_flag": 3, "change_message": ""}}, {"model": "admin.logentry", "pk": 22, "fields": {"action_time": "2022-05-16T20:58:11.596Z", "user": 1, "content_type": 17, "object_id": "19", "object_repr": "Заказ | 19", "action_flag": 2, "change_message": "[{\"changed\": {\"fields\": [\"\\u0421\\u0442\\u0430\\u0442\\u0443\\u0441\"]}}]"}}, {"model": "admin.logentry", "pk": 23, "fields": {"action_time": "2022-05-17T10:19:39.216Z", "user": 1, "content_type": 17, "object_id": "34", "object_repr": "Заказ | 34", "action_flag": 2, "change_message": "[{\"changed\": {\"fields\": [\"\\u0410\\u043a\\u0442\\u0438\\u0432\\u043d\\u043e\\u0441\\u0442\\u044c\"]}}]"}}, {"model": "admin.logentry", "pk": 24, "fields": {"action_time": "2022-05-17T10:19:58.847Z", "user": 1, "content_type": 17, "object_id": "35", "object_repr": "Заказ | 35", "action_flag": 2, "change_message": "[{\"changed\": {\"fields\": [\"\\u0421\\u0442\\u0430\\u0442\\u0443\\u0441\"]}}]"}}, {"model": "admin.logentry", "pk": 25, "fields": {"action_time": "2022-05-17T10:20:14.666Z", "user": 1, "content_type": 17, "object_id": "35", "object_repr": "Заказ | 35", "action_flag": 3, "change_message": ""}}, {"model": "admin.logentry", "pk": 26, "fields": {"action_time": "2022-05-17T10:20:14.682Z", "user": 1, "content_type": 17, "object_id": "34", "object_repr": "Заказ | 34", "action_flag": 3, "change_message": ""}}, {"model": "admin.logentry", "pk": 27, "fields": {"action_time": "2022-05-17T10:20:14.696Z", "user": 1, "content_type": 17, "object_id": "33", "object_repr": "Заказ | 33", "action_flag": 3, "change_message": ""}}, {"model": "admin.logentry", "pk": 28, "fields": {"action_time": "2022-05-17T10:20:14.711Z", "user": 1, "content_type": 17, "object_id": "32", "object_repr": "Заказ | 32", "action_flag": 3, "change_message": ""}}, {"model": "admin.logentry", "pk": 29, "fields": {"action_time": "2022-05-17T10:20:14.724Z", "user": 1, "content_type": 17, "object_id": "31", "object_repr": "Заказ | 31", "action_flag": 3, "change_message": ""}}, {"model": "admin.logentry", "pk": 30, "fields": {"action_time": "2022-05-17T10:20:14.738Z", "user": 1, "content_type": 17, "object_id": "30", "object_repr": "Заказ | 30", "action_flag": 3, "change_message": ""}}, {"model": "admin.logentry", "pk": 31, "fields": {"action_time": "2022-05-17T10:20:14.751Z", "user": 1, "content_type": 17, "object_id": "29", "object_repr": "Заказ | 29", "action_flag": 3, "change_message": ""}}, {"model": "admin.logentry", "pk": 32, "fields": {"action_time": "2022-05-17T10:20:14.765Z", "user": 1, "content_type": 17, "object_id": "28", "object_repr": "Заказ | 28", "action_flag": 3, "change_message": ""}}, {"model": "admin.logentry", "pk": 33, "fields": {"action_time": "2022-05-17T10:20:14.778Z", "user": 1, "content_type": 17, "object_id": "27", "object_repr": "Заказ | 27", "action_flag": 3, "change_message": ""}}, {"model": "admin.logentry", "pk": 34, "fields": {"action_time": "2022-05-17T10:20:14.794Z", "user": 1, "content_type": 17, "object_id": "26", "object_repr": "Заказ | 26", "action_flag": 3, "change_message": ""}}, {"model": "admin.logentry", "pk": 35, "fields": {"action_time": "2022-05-17T10:20:14.810Z", "user": 1, "content_type": 17, "object_id": "25", "object_repr": "Заказ | 25", "action_flag": 3, "change_message": ""}}, {"model": "admin.logentry", "pk": 36, "fields": {"action_time": "2022-05-17T10:20:14.827Z", "user": 1, "content_type": 17, "object_id": "24", "object_repr": "Заказ | 24", "action_flag": 3, "change_message": ""}}, {"model": "admin.logentry", "pk": 37, "fields": {"action_time": "2022-05-17T10:20:14.843Z", "user": 1, "content_type": 17, "object_id": "23", "object_repr": "Заказ | 23", "action_flag": 3, "change_message": ""}}, {"model": "admin.logentry", "pk": 38, "fields": {"action_time": "2022-05-17T10:20:14.862Z", "user": 1, "content_type": 17, "object_id": "22", "object_repr": "Заказ | 22", "action_flag": 3, "change_message": ""}}, {"model": "admin.logentry", "pk": 39, "fields": {"action_time": "2022-05-17T10:20:14.873Z", "user": 1, "content_type": 17, "object_id": "21", "object_repr": "Заказ | 21", "action_flag": 3, "change_message": ""}}, {"model": "admin.logentry", "pk": 40, "fields": {"action_time": "2022-05-17T10:20:14.882Z", "user": 1, "content_type": 17, "object_id": "20", "object_repr": "Заказ | 20", "action_flag": 3, "change_message": ""}}, {"model": "admin.logentry", "pk": 41, "fields": {"action_time": "2022-05-17T10:20:14.891Z", "user": 1, "content_type": 17, "object_id": "19", "object_repr": "Заказ | 19", "action_flag": 3, "change_message": ""}}, {"model": "admin.logentry", "pk": 42, "fields": {"action_time": "2022-05-17T10:20:14.899Z", "user": 1, "content_type": 17, "object_id": "18", "object_repr": "Заказ | 18", "action_flag": 3, "change_message": ""}}, {"model": "admin.logentry", "pk": 43, "fields": {"action_time": "2022-05-17T10:20:14.913Z", "user": 1, "content_type": 17, "object_id": "17", "object_repr": "Заказ | 17", "action_flag": 3, "change_message": ""}}, {"model": "admin.logentry", "pk": 44, "fields": {"action_time": "2022-05-17T10:20:14.927Z", "user": 1, "content_type": 17, "object_id": "16", "object_repr": "Заказ | 16", "action_flag": 3, "change_message": ""}}, {"model": "admin.logentry", "pk": 45, "fields": {"action_time": "2022-05-17T10:20:14.936Z", "user": 1, "content_type": 17, "object_id": "15", "object_repr": "Заказ | 15", "action_flag": 3, "change_message": ""}}, {"model": "admin.logentry", "pk": 46, "fields": {"action_time": "2022-05-17T10:20:14.949Z", "user": 1, "content_type": 17, "object_id": "14", "object_repr": "Заказ | 14", "action_flag": 3, "change_message": ""}}, {"model": "admin.logentry", "pk": 47, "fields": {"action_time": "2022-05-17T10:20:14.962Z", "user": 1, "content_type": 17, "object_id": "13", "object_repr": "Заказ | 13", "action_flag": 3, "change_message": ""}}, {"model": "admin.logentry", "pk": 48, "fields": {"action_time": "2022-05-17T10:20:14.976Z", "user": 1, "content_type": 17, "object_id": "12", "object_repr": "Заказ | 12", "action_flag": 3, "change_message": ""}}, {"model": "admin.logentry", "pk": 49, "fields": {"action_time": "2022-05-17T10:20:14.990Z", "user": 1, "content_type": 17, "object_id": "11", "object_repr": "Заказ | 11", "action_flag": 3, "change_message": ""}}, {"model": "admin.logentry", "pk": 50, "fields": {"action_time": "2022-05-17T10:20:15.000Z", "user": 1, "content_type": 17, "object_id": "10", "object_repr": "Заказ | 10", "action_flag": 3, "change_message": ""}}, {"model": "admin.logentry", "pk": 51, "fields": {"action_time": "2022-05-17T10:20:15.015Z", "user": 1, "content_type": 17, "object_id": "9", "object_repr": "Заказ | 9", "action_flag": 3, "change_message": ""}}, {"model": "admin.logentry", "pk": 52, "fields": {"action_time": "2022-05-17T10:20:15.027Z", "user": 1, "content_type": 17, "object_id": "8", "object_repr": "Заказ | 8", "action_flag": 3, "change_message": ""}}, {"model": "admin.logentry", "pk": 53, "fields": {"action_time": "2022-05-17T10:20:15.040Z", "user": 1, "content_type": 17, "object_id": "7", "object_repr": "Заказ | 7", "action_flag": 3, "change_message": ""}}, {"model": "admin.logentry", "pk": 54, "fields": {"action_time": "2022-05-17T10:20:15.050Z", "user": 1, "content_type": 17, "object_id": "6", "object_repr": "Заказ | 6", "action_flag": 3, "change_message": ""}}, {"model": "admin.logentry", "pk": 55, "fields": {"action_time": "2022-05-17T10:20:15.065Z", "user": 1, "content_type": 17, "object_id": "5", "object_repr": "Заказ | 5", "action_flag": 3, "change_message": ""}}, {"model": "admin.logentry", "pk": 56, "fields": {"action_time": "2022-05-17T10:20:15.075Z", "user": 1, "content_type": 17, "object_id": "4", "object_repr": "Заказ | 4", "action_flag": 3, "change_message": ""}}, {"model": "admin.logentry", "pk": 57, "fields": {"action_time": "2022-05-17T10:20:15.085Z", "user": 1, "content_type": 17, "object_id": "3", "object_repr": "Заказ | 3", "action_flag": 3, "change_message": ""}}, {"model": "admin.logentry", "pk": 58, "fields": {"action_time": "2022-05-17T10:20:15.097Z", "user": 1, "content_type": 17, "object_id": "2", "object_repr": "Заказ | 2", "action_flag": 3, "change_message": ""}}, {"model": "admin.logentry", "pk": 59, "fields": {"action_time": "2022-05-17T10:20:15.108Z", "user": 1, "content_type": 17, "object_id": "1", "object_repr": "Заказ | 1", "action_flag": 3, "change_message": ""}}, {"model": "admin.logentry", "pk": 60, "fields": {"action_time": "2022-05-17T10:23:16.427Z", "user": 1, "content_type": 7, "object_id": "6", "object_repr": "Темно-синие широкие строгие брюки ASOS DESIGN | Одежда", "action_flag": 2, "change_message": "[{\"changed\": {\"fields\": [\"Quantity\"]}}]"}}, {"model": "admin.logentry", "pk": 61, "fields": {"action_time": "2022-05-17T10:23:23.027Z", "user": 1, "content_type": 7, "object_id": "6", "object_repr": "Темно-синие широкие строгие брюки ASOS DESIGN | Одежда", "action_flag": 2, "change_message": "[{\"changed\": {\"fields\": [\"Is active\"]}}]"}}, {"model": "admin.logentry", "pk": 62, "fields": {"action_time": "2022-05-17T10:23:38.726Z", "user": 1, "content_type": 7, "object_id": "6", "object_repr": "Темно-синие широкие строгие брюки ASOS DESIGN | Одежда", "action_flag": 2, "change_message": "[{\"changed\": {\"fields\": [\"Is active\"]}}]"}}, {"model": "admin.logentry", "pk": 63, "fields": {"action_time": "2022-05-17T10:46:59.397Z", "user": 1, "content_type": 17, "object_id": "50", "object_repr": "Заказ | 50", "action_flag": 2, "change_message": "[{\"changed\": {\"fields\": [\"\\u0410\\u043a\\u0442\\u0438\\u0432\\u043d\\u043e\\u0441\\u0442\\u044c\"]}}]"}}, {"model": "admin.logentry", "pk": 64, "fields": {"action_time": "2022-05-17T10:47:08.755Z", "user": 1, "content_type": 17, "object_id": "50", "object_repr": "Заказ | 50", "action_flag": 2, "change_message": "[{\"changed\": {\"fields\": [\"\\u0421\\u0442\\u0430\\u0442\\u0443\\u0441\"]}}]"}}, {"model": "admin.logentry", "pk": 65, "fields": {"action_time": "2022-05-17T10:48:19.887Z", "user": 1, "content_type": 17, "object_id": "50", "object_repr": "Заказ | 50", "action_flag": 2, "change_message": "[{\"changed\": {\"fields\": [\"\\u0421\\u0442\\u0430\\u0442\\u0443\\u0441\", \"\\u0410\\u043a\\u0442\\u0438\\u0432\\u043d\\u043e\\u0441\\u0442\\u044c\"]}}]"}}, {"model": "admin.logentry", "pk": 66, "fields": {"action_time": "2022-05-17T10:51:50.651Z", "user": 1, "content_type": 17, "object_id": "50", "object_repr": "Заказ | 50", "action_flag": 2, "change_message": "[{\"changed\": {\"fields\": [\"\\u0410\\u043a\\u0442\\u0438\\u0432\\u043d\\u043e\\u0441\\u0442\\u044c\"]}}]"}}, {"model": "admin.logentry", "pk": 67, "fields": {"action_time": "2022-05-17T11:03:28.376Z", "user": 1, "content_type": 17, "object_id": "50", "object_repr": "Заказ | 50", "action_flag": 3, "change_message": ""}}, {"model": "admin.logentry", "pk": 68, "fields": {"action_time": "2022-05-17T11:07:54.914Z", "user": 1, "content_type": 17, "object_id": "52", "object_repr": "Заказ | 52", "action_flag": 3, "change_message": ""}}, {"model": "admin.logentry", "pk": 69, "fields": {"action_time": "2022-05-17T11:07:54.930Z", "user": 1, "content_type": 17, "object_id": "51", "object_repr": "Заказ | 51", "action_flag": 3, "change_message": ""}}, {"model": "admin.logentry", "pk": 70, "fields": {"action_time": "2022-05-17T11:07:54.942Z", "user": 1, "content_type": 17, "object_id": "50", "object_repr": "Заказ | 50", "action_flag": 3, "change_message": ""}}, {"model": "admin.logentry", "pk": 71, "fields": {"action_time": "2022-05-17T11:07:54.951Z", "user": 1, "content_type": 17, "object_id": "49", "object_repr": "Заказ | 49", "action_flag": 3, "change_message": ""}}, {"model": "admin.logentry", "pk": 72, "fields": {"action_time": "2022-05-17T11:07:54.961Z", "user": 1, "content_type": 17, "object_id": "48", "object_repr": "Заказ | 48", "action_flag": 3, "change_message": ""}}, {"model": "admin.logentry", "pk": 73, "fields": {"action_time": "2022-05-17T11:07:54.970Z", "user": 1, "content_type": 17, "object_id": "47", "object_repr": "Заказ | 47", "action_flag": 3, "change_message": ""}}, {"model": "admin.logentry", "pk": 74, "fields": {"action_time": "2022-05-17T11:07:54.980Z", "user": 1, "content_type": 17, "object_id": "46", "object_repr": "Заказ | 46", "action_flag": 3, "change_message": ""}}, {"model": "admin.logentry", "pk": 75, "fields": {"action_time": "2022-05-17T11:07:54.989Z", "user": 1, "content_type": 17, "object_id": "45", "object_repr": "Заказ | 45", "action_flag": 3, "change_message": ""}}, {"model": "admin.logentry", "pk": 76, "fields": {"action_time": "2022-05-17T11:07:54.998Z", "user": 1, "content_type": 17, "object_id": "44", "object_repr": "Заказ | 44", "action_flag": 3, "change_message": ""}}, {"model": "admin.logentry", "pk": 77, "fields": {"action_time": "2022-05-17T11:07:55.012Z", "user": 1, "content_type": 17, "object_id": "43", "object_repr": "Заказ | 43", "action_flag": 3, "change_message": ""}}, {"model": "admin.logentry", "pk": 78, "fields": {"action_time": "2022-05-17T11:07:55.024Z", "user": 1, "content_type": 17, "object_id": "42", "object_repr": "Заказ | 42", "action_flag": 3, "change_message": ""}}, {"model": "admin.logentry", "pk": 79, "fields": {"action_time": "2022-05-17T11:07:55.033Z", "user": 1, "content_type": 17, "object_id": "41", "object_repr": "Заказ | 41", "action_flag": 3, "change_message": ""}}, {"model": "admin.logentry", "pk": 80, "fields": {"action_time": "2022-05-17T11:07:55.044Z", "user": 1, "content_type": 17, "object_id": "40", "object_repr": "Заказ | 40", "action_flag": 3, "change_message": ""}}, {"model": "admin.logentry", "pk": 81, "fields": {"action_time": "2022-05-17T11:07:55.060Z", "user": 1, "content_type": 17, "object_id": "39", "object_repr": "Заказ | 39", "action_flag": 3, "change_message": ""}}, {"model": "admin.logentry", "pk": 82, "fields": {"action_time": "2022-05-17T11:07:55.071Z", "user": 1, "content_type": 17, "object_id": "38", "object_repr": "Заказ | 38", "action_flag": 3, "change_message": ""}}, {"model": "admin.logentry", "pk": 83, "fields": {"action_time": "2022-05-17T11:07:55.079Z", "user": 1, "content_type": 17, "object_id": "37", "object_repr": "Заказ | 37", "action_flag": 3, "change_message": ""}}, {"model": "admin.logentry", "pk": 84, "fields": {"action_time": "2022-05-17T11:07:55.090Z", "user": 1, "content_type": 17, "object_id": "36", "object_repr": "Заказ | 36", "action_flag": 3, "change_message": ""}}, {"model": "admin.logentry", "pk": 85, "fields": {"action_time": "2022-05-17T14:05:06.552Z", "user": 1, "content_type": 17, "object_id": "56", "object_repr": "Заказ | 56", "action_flag": 3, "change_message": ""}}, {"model": "admin.logentry", "pk": 86, "fields": {"action_time": "2022-05-17T14:05:06.570Z", "user": 1, "content_type": 17, "object_id": "55", "object_repr": "Заказ | 55", "action_flag": 3, "change_message": ""}}, {"model": "admin.logentry", "pk": 87, "fields": {"action_time": "2022-05-17T14:05:06.587Z", "user": 1, "content_type": 17, "object_id": "54", "object_repr": "Заказ | 54", "action_flag": 3, "change_message": ""}}, {"model": "admin.logentry", "pk": 88, "fields": {"action_time": "2022-05-17T14:05:06.603Z", "user": 1, "content_type": 17, "object_id": "53", "object_repr": "Заказ | 53", "action_flag": 3, "change_message": ""}}, {"model": "admin.logentry", "pk": 89, "fields": {"action_time": "2022-05-20T08:51:49.657Z", "user": 1, "content_type": 7, "object_id": "3", "object_repr": "Коричневый спортивный oversized-топ ASOS DESIGN | Одежда", "action_flag": 2, "change_message": "[{\"changed\": {\"fields\": [\"Quantity\"]}}]"}}, {"model": "admin.logentry", "pk": 90, "fields": {"action_time": "2022-05-20T08:52:07.420Z", "user": 1, "content_type": 7, "object_id": "2", "object_repr": "Синяя куртка The North Face | Одежда", "action_flag": 2, "change_message": "[{\"changed\": {\"fields\": [\"Quantity\"]}}]"}}, {"model": "admin.logentry", "pk": 91, "fields": {"action_time": "2022-05-20T10:52:18.325Z", "user": 1, "content_type": 7, "object_id": "3", "object_repr": "Коричневый спортивный oversized-топ ASOS DESIGN | Одежда", "action_flag": 2, "change_message": "[{\"changed\": {\"fields\": [\"Price\"]}}]"}}, {"model": "admin.logentry", "pk": 92, "fields": {"action_time": "2022-05-20T10:54:22.997Z", "user": 1, "content_type": 7, "object_id": "3", "object_repr": "Коричневый спортивный oversized-топ ASOS DESIGN | Одежда", "action_flag": 2, "change_message": "[{\"changed\": {\"fields\": [\"Price\"]}}]"}}, {"model": "admin.logentry", "pk": 93, "fields": {"action_time": "2022-05-20T10:56:25.452Z", "user": 1, "content_type": 7, "object_id": "3", "object_repr": "Коричневый спортивный oversized-топ ASOS DESIGN | Одежда", "action_flag": 2, "change_message": "[{\"changed\": {\"fields\": [\"Price\"]}}]"}}, {"model": "auth.permission", "pk": 1, "fields": {"name": "Can add log entry", "content_type": 1, "codename": "add_logentry"}}, {"model": "auth.permission", "pk": 2, "fields": {"name": "Can change log entry", "content_type": 1, "codename": "change_logentry"}}, {"model": "auth.permission", "pk": 3, "fields": {"name": "Can delete log entry", "content_type": 1, "codename": "delete_logentry"}}, {"model": "auth.permission", "pk": 4, "fields": {"name": "Can view log entry", "content_type": 1, "codename": "view_logentry"}}, {"model": "auth.permission", "pk": 5, "fields": {"name": "Can add permission", "content_type": 2, "codename": "add_permission"}}, {"model": "auth.permission", "pk": 6, "fields": {"name": "Can change permission", "content_type": 2, "codename": "change_permission"}}, {"model": "auth.permission", "pk": 7, "fields": {"name": "Can delete permission", "content_type": 2, "codename": "delete_permission"}}, {"model": "auth.permission", "pk": 8, "fields": {"name": "Can view permission", "content_type": 2, "codename": "view_permission"}}, {"model": "auth.permission", "pk": 9, "fields": {"name": "Can add group", "content_type": 3, "codename": "add_group"}}, {"model": "auth.permission", "pk": 10, "fields": {"name": "Can change group", "content_type": 3, "codename": "change_group"}}, {"model": "auth.permission", "pk": 11, "fields": {"name": "Can delete group", "content_type": 3, "codename": "delete_group"}}, {"model": "auth.permission", "pk": 12, "fields": {"name": "Can view group", "content_type": 3, "codename": "view_group"}}, {"model": "auth.permission", "pk": 13, "fields": {"name": "Can add content type", "content_type": 4, "codename": "add_contenttype"}}, {"model": "auth.permission", "pk": 14, "fields": {"name": "Can change content type", "content_type": 4, "codename": "change_contenttype"}}, {"model": "auth.permission", "pk": 15, "fields": {"name": "Can delete content type", "content_type": 4, "codename": "delete_contenttype"}}, {"model": "auth.permission", "pk": 16, "fields": {"name": "Can view content type", "content_type": 4, "codename": "view_contenttype"}}, {"model": "auth.permission", "pk": 17, "fields": {"name": "Can add session", "content_type": 5, "codename": "add_session"}}, {"model": "auth.permission", "pk": 18, "fields": {"name": "Can change session", "content_type": 5, "codename": "change_session"}}, {"model": "auth.permission", "pk": 19, "fields": {"name": "Can delete session", "content_type": 5, "codename": "delete_session"}}, {"model": "auth.permission", "pk": 20, "fields": {"name": "Can view session", "content_type": 5, "codename": "view_session"}}, {"model": "auth.permission", "pk": 21, "fields": {"name": "Can add product category", "content_type": 6, "codename": "add_productcategory"}}, {"model": "auth.permission", "pk": 22, "fields": {"name": "Can change product category", "content_type": 6, "codename": "change_productcategory"}}, {"model": "auth.permission", "pk": 23, "fields": {"name": "Can delete product category", "content_type": 6, "codename": "delete_productcategory"}}, {"model": "auth.permission", "pk": 24, "fields": {"name": "Can view product category", "content_type": 6, "codename": "view_productcategory"}}, {"model": "auth.permission", "pk": 25, "fields": {"name": "Can add products", "content_type": 7, "codename": "add_products"}}, {"model": "auth.permission", "pk": 26, "fields": {"name": "Can change products", "content_type": 7, "codename": "change_products"}}, {"model": "auth.permission", "pk": 27, "fields": {"name": "Can delete products", "content_type": 7, "codename": "delete_products"}}, {"model": "auth.permission", "pk": 28, "fields": {"name": "Can view products", "content_type": 7, "codename": "view_products"}}, {"model": "auth.permission", "pk": 29, "fields": {"name": "Can add user", "content_type": 8, "codename": "add_user"}}, {"model": "auth.permission", "pk": 30, "fields": {"name": "Can change user", "content_type": 8, "codename": "change_user"}}, {"model": "auth.permission", "pk": 31, "fields": {"name": "Can delete user", "content_type": 8, "codename": "delete_user"}}, {"model": "auth.permission", "pk": 32, "fields": {"name": "Can view user", "content_type": 8, "codename": "view_user"}}, {"model": "auth.permission", "pk": 33, "fields": {"name": "Can add basket", "content_type": 9, "codename": "add_basket"}}, {"model": "auth.permission", "pk": 34, "fields": {"name": "Can change basket", "content_type": 9, "codename": "change_basket"}}, {"model": "auth.permission", "pk": 35, "fields": {"name": "Can delete basket", "content_type": 9, "codename": "delete_basket"}}, {"model": "auth.permission", "pk": 36, "fields": {"name": "Can view basket", "content_type": 9, "codename": "view_basket"}}, {"model": "auth.permission", "pk": 37, "fields": {"name": "Can add user profile", "content_type": 10, "codename": "add_userprofile"}}, {"model": "auth.permission", "pk": 38, "fields": {"name": "Can change user profile", "content_type": 10, "codename": "change_userprofile"}}, {"model": "auth.permission", "pk": 39, "fields": {"name": "Can delete user profile", "content_type": 10, "codename": "delete_userprofile"}}, {"model": "auth.permission", "pk": 40, "fields": {"name": "Can view user profile", "content_type": 10, "codename": "view_userprofile"}}, {"model": "auth.permission", "pk": 41, "fields": {"name": "Can add association", "content_type": 11, "codename": "add_association"}}, {"model": "auth.permission", "pk": 42, "fields": {"name": "Can change association", "content_type": 11, "codename": "change_association"}}, {"model": "auth.permission", "pk": 43, "fields": {"name": "Can delete association", "content_type": 11, "codename": "delete_association"}}, {"model": "auth.permission", "pk": 44, "fields": {"name": "Can view association", "content_type": 11, "codename": "view_association"}}, {"model": "auth.permission", "pk": 45, "fields": {"name": "Can add code", "content_type": 12, "codename": "add_code"}}, {"model": "auth.permission", "pk": 46, "fields": {"name": "Can change code", "content_type": 12, "codename": "change_code"}}, {"model": "auth.permission", "pk": 47, "fields": {"name": "Can delete code", "content_type": 12, "codename": "delete_code"}}, {"model": "auth.permission", "pk": 48, "fields": {"name": "Can view code", "content_type": 12, "codename": "view_code"}}, {"model": "auth.permission", "pk": 49, "fields": {"name": "Can add nonce", "content_type": 13, "codename": "add_nonce"}}, {"model": "auth.permission", "pk": 50, "fields": {"name": "Can change nonce", "content_type": 13, "codename": "change_nonce"}}, {"model": "auth.permission", "pk": 51, "fields": {"name": "Can delete nonce", "content_type": 13, "codename": "delete_nonce"}}, {"model": "auth.permission", "pk": 52, "fields": {"name": "Can view nonce", "content_type": 13, "codename": "view_nonce"}}, {"model": "auth.permission", "pk": 53, "fields": {"name": "Can add user social auth", "content_type": 14, "codename": "add_usersocialauth"}}, {"model": "auth.permission", "pk": 54, "fields": {"name": "Can change user social auth", "content_type": 14, "codename": "change_usersocialauth"}}, {"model": "auth.permission", "pk": 55, "fields": {"name": "Can delete user social auth", "content_type": 14, "codename": "delete_usersocialauth"}}, {"model": "auth.permission", "pk": 56, "fields": {"name": "Can view user social auth", "content_type": 14, "codename": "view_usersocialauth"}}, {"model": "auth.permission", "pk": 57, "fields": {"name": "Can add partial", "content_type": 15, "codename": "add_partial"}}, {"model": "auth.permission", "pk": 58, "fields": {"name": "Can change partial", "content_type": 15, "codename": "change_partial"}}, {"model": "auth.permission", "pk": 59, "fields": {"name": "Can delete partial", "content_type": 15, "codename": "delete_partial"}}, {"model": "auth.permission", "pk": 60, "fields": {"name": "Can view partial", "content_type": 15, "codename": "view_partial"}}, {"model": "auth.permission", "pk": 61, "fields": {"name": "Can add order item", "content_type": 16, "codename": "add_orderitem"}}, {"model": "auth.permission", "pk": 62, "fields": {"name": "Can change order item", "content_type": 16, "codename": "change_orderitem"}}, {"model": "auth.permission", "pk": 63, "fields": {"name": "Can delete order item", "content_type": 16, "codename": "delete_orderitem"}}, {"model": "auth.permission", "pk": 64, "fields": {"name": "Can view order item", "content_type": 16, "codename": "view_orderitem"}}, {"model": "auth.permission", "pk": 65, "fields": {"name": "Can add order", "content_type": 17, "codename": "add_order"}}, {"model": "auth.permission", "pk": 66, "fields": {"name": "Can change order", "content_type": 17, "codename": "change_order"}}, {"model": "auth.permission", "pk": 67, "fields": {"name": "Can delete order", "content_type": 17, "codename": "delete_order"}}, {"model": "auth.permission", "pk": 68, "fields": {"name": "Can view order", "content_type": 17, "codename": "view_order"}}, {"model": "sessions.session", "pk": "52arkmkw9e9p9tm0n5hdmhxshnobjrnn", "fields": {"session_data": ".eJxVzMEOwiAQBNB_4WzIFsi2ePTuNzQLu0jVQFLaU-O_2yY96HXmzWxqpHXJ49pkHidWV9Wpy28WKL6kHAU_qTyqjrUs8xT0QfTZNn2vLO_baf8OMrW8rwNjHKK3HtC4yOAME1Kg5C30QtAlQbBid-RYgu8xxQEQYSeGgdTnC_qNOLA:1nrGPI:IteIkOKK7_bV8jgjfI00r9Sw23CtM692qX92gTwzvvQ", "expire_date": "2022-06-01T09:55:52.288Z"}}, {"model": "sessions.session", "pk": "7x0hpo31l52v1m9l6yl0zobp49wre16f", "fields": {"session_data": "eyJuZXh0IjoiLyIsInZrLW9hdXRoMl9zdGF0ZSI6InNpOVVOMzZtUVJ6djltcWhDbmxsNGI4QWpGanM3MFdkIn0:1nkOxO:JQ4QpxocjXA2r-Y-Mmnmd4hSGqCYc4LgJutUb6CPdTg", "expire_date": "2022-05-13T11:38:42.532Z"}}, {"model": "sessions.session", "pk": "7yx4k0q773ul41er3jpqy54xlr1cjl35", "fields": {"session_data": "e30:1nkOxV:ZHj0hvK4qKhpxdjPqQWhubzXsNogkzqvxt0ldt2-B3g", "expire_date": "2022-05-13T11:38:49.928Z"}}, {"model": "sessions.session", "pk": "gf415qet33p5jq7yvjdj3bzopa4sj3vo", "fields": {"session_data": ".eJxVzMEOwiAQBNB_4WzIFsi2ePTuNzQLu0jVQFLaU-O_2yY96HXmzWxqpHXJ49pkHidWV9Wpy28WKL6kHAU_qTyqjrUs8xT0QfTZNn2vLO_baf8OMrW8rwNjHKK3HtC4yOAME1Kg5C30QtAlQbBid-RYgu8xxQEQYSeGgdTnC_qNOLA:1nlu80:P8cWbZrM068Hy8Qx4NgUFReNZb5G0NN4l3AGzUPSuAE", "expire_date": "2022-05-17T15:07:52.660Z"}}, {"model": "sessions.session", "pk": "hf7kiu8l61e0zn9koo4qcw1me5kpd1ph", "fields": {"session_data": "e30:1nkOyR:cQqlnyTis0txF_W5znSzvQMfZXlyXT2Ow1T6SCwjGZ4", "expire_date": "2022-05-13T11:39:47.483Z"}}, {"model": "sessions.session", "pk": "i8bdpp74cka7oos4yft0cd32o5s5dp0c", "fields": {"session_data": ".eJxVzMEOwiAQBNB_4WzIFsi2ePTuNzQLu0jVQFLaU-O_2yY96HXmzWxqpHXJ49pkHidWV9Wpy28WKL6kHAU_qTyqjrUs8xT0QfTZNn2vLO_baf8OMrW8rwNjHKK3HtC4yOAME1Kg5C30QtAlQbBid-RYgu8xxQEQYSeGgdTnC_qNOLA:1nrEyI:psrWDPyIlLSLzLm2Ggv7p8m4dSIJg3m_FXlcROt9RCI", "expire_date": "2022-06-01T08:23:54.889Z"}}, {"model": "sessions.session", "pk": "rt01fko6junxychmzx94vr0760uzjanf", "fields": {"session_data": ".eJxVzMEOwiAQBNB_4WzIFsi2ePTuNzQLu0jVQFLaU-O_2yY96HXmzWxqpHXJ49pkHidWV9Wpy28WKL6kHAU_qTyqjrUs8xT0QfTZNn2vLO_baf8OMrW8rwNjHKK3HtC4yOAME1Kg5C30QtAlQbBid-RYgu8xxQEQYSeGgdTnC_qNOLA:1nlwFG:VTe_gxxiCBYPERCOUbgI4k1NOrZkRJqiG18__-XqVYs", "expire_date": "2022-05-17T17:23:30.528Z"}}, {"model": "sessions.session", "pk": "wrf021utjlxkozdtzqzhhhbcs0c9ripe", "fields": {"session_data": ".eJxVzMEOwiAQBNB_4WzIFsi2ePTuNzQLu0jVQFLaU-O_2yY96HXmzWxqpHXJ49pkHidWV9Wpy28WKL6kHAU_qTyqjrUs8xT0QfTZNn2vLO_baf8OMrW8rwNjHKK3HtC4yOAME1Kg5C30QtAlQbBid-RYgu8xxQEQYSeGgdTnC_qNOLA:1nrGQq:njwvhP6ZjbVCHs_q1HpmM3-a-ydbOKw7ntKq3pR3tvg", "expire_date": "2022-06-01T09:57:28.830Z"}}, {"model": "sessions.session", "pk": "xu1gzo3r603iy34fzrv9zsfig844k3nu", "fields": {"session_data": ".eJxVzMEOwiAQBNB_4WzIFsi2ePTuNzQLu0jVQFLaU-O_2yY96HXmzWxqpHXJ49pkHidWV9Wpy28WKL6kHAU_qTyqjrUs8xT0QfTZNn2vLO_baf8OMrW8rwNjHKK3HtC4yOAME1Kg5C30QtAlQbBid-RYgu8xxQEQYSeGgdTnC_qNOLA:1nrGW2:aodrybQ4S3Lv6dLwVyxkXLw3KcPPlKMdF1rx1LGsYLg", "expire_date": "2022-06-01T10:02:50.029Z"}}, {"model": "mainapp.productcategory", "pk": 3, "fields": {"name": "Новинки", "description": "", "is_active": true}}, {"model": "mainapp.productcategory", "pk": 4, "fields": {"name": "Одежда", "description": "", "is_active": true}}, {"model": "mainapp.productcategory", "pk": 5, "fields": {"name": "Обувь", "description": "", "is_active": true}}, {"model": "mainapp.productcategory", "pk": 6, "fields": {"name": "Аксессуары", "description": "", "is_active": true}}, {"model": "mainapp.productcategory", "pk": 7, "fields": {"name": "Подарки", "description": "", "is_active": true}}, {"model": "mainapp.products", "pk": 1, "fields": {"name": "Худи черного цвета с монограммами adidas Originals", "image": "products_images/Adidas-hoodie.png", "description": "Мягкая ткань для свитшотов. Стиль и комфорт – это образ жизни.", "price": "7000.00", "quantity": 31, "category": 4, "is_active": true}}, {"model": "mainapp.products", "pk": 2, "fields": {"name": "Синяя куртка The North Face", "image": "products_images/Blue-jacket-The-North-Face.png", "description": "Гладкая ткань. Водонепроницаемое покрытие. Легкий и теплый пуховый наполнитель.", "price": "1000.00", "quantity": 7, "category": 4, "is_active": true}}, {"model": "mainapp.products", "pk": 3, "fields": {"name": "Коричневый спортивный oversized-топ ASOS DESIGN", "image": "products_images/Brown-sports-oversized-top-ASOS-DESIGN.png", "description": "Материал с плюшевой текстурой. Удобный и мягкий.", "price": "3390.40", "quantity": 11, "category": 4, "is_active": true}}, {"model": "mainapp.products", "pk": 4, "fields": {"name": "Черный рюкзак Nike Heritage", "image": "products_images/Black-Nike-Heritage-backpack.png", "description": "Плотная ткань. Легкий материал.", "price": "2340.00", "quantity": 33, "category": 6, "is_active": true}}, {"model": "mainapp.products", "pk": 5, "fields": {"name": "Черные туфли на платформе с 3 парами люверсов Dr Martens 1461 Bex", "image": "products_images/Black-Dr-Martens-shoes.png", "description": "Гладкий кожаный верх. Натуральный материал.", "price": "13590.00", "quantity": 7, "category": 5, "is_active": true}}, {"model": "mainapp.products", "pk": 6, "fields": {"name": "Темно-синие широкие строгие брюки ASOS DESIGN", "image": "products_images/Dark-blue-wide-leg-ASOs-DESIGN-trousers.png", "description": "Легкая эластичная ткань сирсакер Фактурная ткань.", "price": "2890.00", "quantity": 12, "category": 4, "is_active": true}}, {"model": "authapp.user", "pk": 1, "fields": {"password": "pbkdf2_sha256$260000$JFME77wI7WxNEbVCc25tGU$Ig6hKcINvwjtqbfAbzfM4AXm2iQ8qIDe+rjTB1bjCUw=", "last_login": "2022-05-18T10:02:49.990Z", "is_superuser": true, "username": "root", "email": "", "is_staff": true, "is_active": true, "date_joined": "2022-04-18T09:45:52Z", "avatar": "", "age": 20, "activation_key": "", "is_key_expires": "2022-05-03T11:13:22.161Z", "first_name": "MAIN", "last_name": "ROOT", "groups": [], "user_permissions": []}}, {"model": "authapp.user", "pk": 18, "fields": {"password": "pbkdf2_sha256$260000$PcmrUpoHAh0xZcGkgEHT6C$TeY/uoKL1wLmuRTNVGU26MXdr2eGCzowK8PTZhpMEwc=", "last_login": null, "is_superuser": false, "username": "sergei", "email": "lalala@mail.ru", "is_staff": false, "is_active": true, "date_joined": "2022-04-27T11:30:14.648Z", "avatar": "", "age": 18, "activation_key": "", "is_key_expires": "2022-04-27T11:30:21.459Z", "first_name": null, "last_name": null, "groups": [], "user_permissions": []}}, {"model": "authapp.user", "pk": 19, "fields": {"password": "pbkdf2_sha256$260000$yvZYwGly8RHEjUDPuQ429K$AvKDI0cmY+0UIgYPF1gFX8+5mi4piUb8+BJiHty5/Ds=", "last_login": "2022-04-27T11:35:04.535Z", "is_superuser": false, "username": "check", "email": "check@mail.ru", "is_staff": false, "is_active": true, "date_joined": "2022-04-27T11:34:58.722Z", "avatar": "", "age": 18, "activation_key": "", "is_key_expires": "2022-04-27T11:35:04.471Z", "first_name": null, "last_name": null, "groups": [], "user_permissions": []}}, {"model": "authapp.user", "pk": 20, "fields": {"password": "pbkdf2_sha256$260000$FW6vYBJbUx3vh93lnbn6C7$ulkGn6ko94r7aCcUI2eMmat6KM6B++VjRzrdP78IMgo=", "last_login": "2022-04-27T11:37:21.672Z", "is_superuser": false, "username": "for_lulz", "email": "check@asdasd.com", "is_staff": false, "is_active": true, "date_joined": "2022-04-27T11:37:13.368Z", "avatar": "", "age": 18, "activation_key": "", "is_key_expires": "2022-04-27T11:37:21.621Z", "first_name": null, "last_name": null, "groups": [], "user_permissions": []}}, {"model": "authapp.user", "pk": 21, "fields": {"password": "pbkdf2_sha256$260000$qix2rflzqqA6TueBZxUVqI$4ChF8pAeTfiNZn8YqidZ1qiQo9DzefMSnU1nug61D5U=", "last_login": "2022-04-27T11:40:52.516Z", "is_superuser": false, "username": "trying", "email": "trying@yandex.ru", "is_staff": false, "is_active": true, "date_joined": "2022-04-27T11:40:46.484Z", "avatar": "", "age": 18, "activation_key": "", "is_key_expires": "2022-04-27T11:40:52.486Z", "first_name": "Сергей", "last_name": "Зиновьев", "groups": [], "user_permissions": []}}, {"model": "authapp.user", "pk": 22, "fields": {"password": "!pX6lWi9xnMZrDod5pHA4UA4RWj6ulcKk2GMgGAec", "last_login": "2022-05-02T21:15:18.658Z", "is_superuser": false, "username": "id156654896", "email": "mrfuu4@gmail.com", "is_staff": false, "is_active": true, "date_joined": "2022-04-29T21:14:06.193Z", "avatar": "C:\\Users\\Сергей\\Desktop\\geekshop-server\\geekshop\\media/user_images/22_id156654896.jpg", "age": 27, "activation_key": "", "is_key_expires": "2022-05-02T21:16:03.621Z", "first_name": "Сергейa", "last_name": "Зиновьев", "groups": [], "user_permissions": []}}, {"model": "authapp.userprofile", "pk": 1, "fields": {"user": 1, "about": "TEST", "gender": "M"}}, {"model": "authapp.userprofile", "pk": 2, "fields": {"user": 18, "about": "", "gender": ""}}, {"model": "authapp.userprofile", "pk": 3, "fields": {"user": 19, "about": "", "gender": ""}}, {"model": "authapp.userprofile", "pk": 4, "fields": {"user": 20, "about": "", "gender": ""}}, {"model": "authapp.userprofile", "pk": 5, "fields": {"user": 21, "about": "", "gender": ""}}, {"model": "authapp.userprofile", "pk": 6, "fields": {"user": 22, "about": "", "gender": "M"}}, {"model": "social_django.usersocialauth", "pk": 1, "fields": {"user": 22, "provider": "vk-oauth2", "uid": "156654896", "extra_data": "{\"auth_time\": 1651526118, \"id\": 156654896, \"expires\": 86400, \"access_token\": \"7693b6ef6efe845fa117a3cde9a767669ca51547fee37921154e4b00ed0898b5b0b9e1a82ff2657896b53\", \"token_type\": null}", "created": "2022-04-29T21:14:06.223Z", "modified": "2022-05-02T21:15:18.612Z"}}, {"model": "ordersapp.order", "pk": 57, "fields": {"user": 1, "status": "FM", "update_at": "2022-05-18T10:17:10.820Z", "created_at": "2022-05-17T14:05:12.578Z", "is_active": false}}, {"model": "ordersapp.order", "pk": 58, "fields": {"user": 1, "status": "FM", "update_at": "2022-05-18T08:25:31.070Z", "created_at": "2022-05-18T08:25:31.000Z", "is_active": false}}, {"model": "ordersapp.order", "pk": 59, "fields": {"user": 1, "status": "FM", "update_at": "2022-05-18T08:30:03.887Z", "created_at": "2022-05-18T08:25:37.444Z", "is_active": false}}, {"model": "ordersapp.order", "pk": 60, "fields": {"user": 1, "status": "FM", "update_at": "2022-05-18T08:30:50.212Z", "created_at": "2022-05-18T08:30:22.722Z", "is_active": false}}, {"model": "ordersapp.order", "pk": 61, "fields": {"user": 1, "status": "FM", "update_at": "2022-05-18T08:31:06.339Z", "created_at": "2022-05-18T08:30:58.519Z", "is_active": false}}, {"model": "ordersapp.order", "pk": 62, "fields": {"user": 1, "status": "FM", "update_at": "2022-05-18T08:43:50.246Z", "created_at": "2022-05-18T08:36:29.045Z", "is_active": false}}, {"model": "ordersapp.order", "pk": 63, "fields": {"user": 1, "status": "FM", "update_at": "2022-05-18T08:43:43.327Z", "created_at": "2022-05-18T08:43:22.822Z", "is_active": false}}, {"model": "ordersapp.order", "pk": 64, "fields": {"user": 1, "status": "FM", "update_at": "2022-05-18T09:41:19.981Z", "created_at": "2022-05-18T09:41:14.518Z", "is_active": false}}, {"model": "ordersapp.order", "pk": 65, "fields": {"user": 1, "status": "FM", "update_at": "2022-05-18T09:41:59.650Z", "created_at": "2022-05-18T09:41:28.707Z", "is_active": false}}, {"model": "ordersapp.order", "pk": 66, "fields": {"user": 1, "status": "FM", "update_at": "2022-05-18T09:42:15.518Z", "created_at": "2022-05-18T09:42:07.456Z", "is_active": false}}, {"model": "ordersapp.order", "pk": 67, "fields": {"user": 1, "status": "FM", "update_at": "2022-05-18T09:46:06.864Z", "created_at": "2022-05-18T09:45:57.715Z", "is_active": false}}, {"model": "ordersapp.order", "pk": 68, "fields": {"user": 1, "status": "FM", "update_at": "2022-05-18T10:07:51.634Z", "created_at": "2022-05-18T10:07:43.819Z", "is_active": false}}, {"model": "ordersapp.order", "pk": 69, "fields": {"user": 1, "status": "FM", "update_at": "2022-05-18T10:10:31.627Z", "created_at": "2022-05-18T10:08:04.283Z", "is_active": false}}, {"model": "ordersapp.order", "pk": 70, "fields": {"user": 1, "status": "FM", "update_at": "2022-05-18T10:10:33.788Z", "created_at": "2022-05-18T10:09:53.087Z", "is_active": false}}, {"model": "ordersapp.order", "pk": 71, "fields": {"user": 1, "status": "FM", "update_at": "2022-05-18T10:10:35.859Z", "created_at": "2022-05-18T10:10:12.287Z", "is_active": false}}, {"model": "ordersapp.order", "pk": 72, "fields": {"user": 1, "status": "FM", "update_at": "2022-05-18T10:10:37.863Z", "created_at": "2022-05-18T10:10:27.959Z", "is_active": false}}, {"model": "ordersapp.order", "pk": 73, "fields": {"user": 1, "status": "FM", "update_at": "2022-05-18T10:11:43.390Z", "created_at": "2022-05-18T10:11:35.194Z", "is_active": false}}, {"model": "ordersapp.order", "pk": 74, "fields": {"user": 1, "status": "FM", "update_at": "2022-05-18T10:16:16.500Z", "created_at": "2022-05-18T10:13:36.808Z", "is_active": false}}, {"model": "ordersapp.order", "pk": 75, "fields": {"user": 1, "status": "FM", "update_at": "2022-05-18T10:16:05.299Z", "created_at": "2022-05-18T10:16:00.103Z", "is_active": false}}, {"model": "ordersapp.order", "pk": 76, "fields": {"user": 1, "status": "FM", "update_at": "2022-05-18T10:21:49.806Z", "created_at": "2022-05-18T10:19:11.811Z", "is_active": false}}, {"model": "ordersapp.order", "pk": 77, "fields": {"user": 1, "status": "FM", "update_at": "2022-05-18T10:21:47.803Z", "created_at": "2022-05-18T10:20:50.708Z", "is_active": false}}, {"model": "ordersapp.order", "pk": 78, "fields": {"user": 1, "status": "FM", "update_at": "2022-05-18T10:21:51.750Z", "created_at": "2022-05-18T10:21:41.503Z", "is_active": false}}, {"model": "ordersapp.order", "pk": 79, "fields": {"user": 1, "status": "FM", "update_at": "2022-05-18T10:22:33.088Z", "created_at": "2022-05-18T10:22:07.668Z", "is_active": false}}, {"model": "ordersapp.order", "pk": 80, "fields": {"user": 1, "status": "FM", "update_at": "2022-05-18T10:22:58.003Z", "created_at": "2022-05-18T10:22:51.235Z", "is_active": false}}, {"model": "ordersapp.order", "pk": 81, "fields": {"user": 1, "status": "FM", "update_at": "2022-05-20T10:52:28.235Z", "created_at": "2022-05-18T10:26:56.469Z", "is_active": false}}, {"model": "ordersapp.order", "pk": 82, "fields": {"user": 1, "status": "FM", "update_at": "2022-05-18T10:38:22.176Z", "created_at": "2022-05-18T10:28:01.829Z", "is_active": false}}, {"model": "ordersapp.order", "pk": 83, "fields": {"user": 1, "status": "FM", "update_at": "2022-05-19T20:38:14.438Z", "created_at": "2022-05-19T20:37:47.986Z", "is_active": false}}, {"model": "ordersapp.order", "pk": 84, "fields": {"user": 1, "status": "FM", "update_at": "2022-05-19T20:38:39.573Z", "created_at": "2022-05-19T20:38:27.544Z", "is_active": false}}, {"model": "ordersapp.order", "pk": 85, "fields": {"user": 1, "status": "FM", "update_at": "2022-05-19T20:39:08.557Z", "created_at": "2022-05-19T20:39:03.942Z", "is_active": false}}, {"model": "ordersapp.order", "pk": 86, "fields": {"user": 1, "status": "FM", "update_at": "2022-05-20T08:57:40.597Z", "created_at": "2022-05-20T08:57:25.536Z", "is_active": false}}, {"model": "ordersapp.order", "pk": 87, "fields": {"user": 1, "status": "FM", "update_at": "2022-05-20T08:57:55.144Z", "created_at": "2022-05-20T08:57:50.205Z", "is_active": false}}, {"model": "ordersapp.order", "pk": 88, "fields": {"user": 1, "status": "FM", "update_at": "2022-05-20T10:52:25.159Z", "created_at": "2022-05-20T10:43:57.179Z", "is_active": false}}, {"model": "ordersapp.order", "pk": 89, "fields": {"user": 1, "status": "FM", "update_at": "2022-05-20T10:43:58.287Z", "created_at": "2022-05-20T10:43:58.207Z", "is_active": false}}, {"model": "ordersapp.order", "pk": 90, "fields": {"user": 1, "status": "FM", "update_at": "2022-05-20T10:54:44.770Z", "created_at": "2022-05-20T10:52:35.509Z", "is_active": false}}, {"model": "ordersapp.order", "pk": 91, "fields": {"user": 1, "status": "FM", "update_at": "2022-05-20T10:52:37.273Z", "created_at": "2022-05-20T10:52:37.151Z", "is_active": false}}, {"model": "ordersapp.order", "pk": 92, "fields": {"user": 1, "status": "FM", "update_at": "2022-05-20T11:14:43.513Z", "created_at": "2022-05-20T10:54:54.806Z", "is_active": false}}, {"model": "ordersapp.order", "pk": 93, "fields": {"user": 1, "status": "FM", "update_at": "2022-05-21T13:20:24.159Z", "created_at": "2022-05-20T14:21:18.994Z", "is_active": false}}, {"model": "ordersapp.order", "pk": 94, "fields": {"user": 1, "status": "FM", "update_at": "2022-05-22T12:54:19.101Z", "created_at": "2022-05-21T13:20:34.576Z", "is_active": false}}, {"model": "ordersapp.order", "pk": 95, "fields": {"user": 1, "status": "FM", "update_at": "2022-05-22T13:06:52.193Z", "created_at": "2022-05-22T12:54:28.569Z", "is_active": true}}, {"model": "ordersapp.orderitem", "pk": 68, "fields": {"order": 57, "product": 1, "quantity": 1}}, {"model": "ordersapp.orderitem", "pk": 69, "fields": {"order": 58, "product": 2, "quantity": 0}}, {"model": "ordersapp.orderitem", "pk": 70, "fields": {"order": 59, "product": 2, "quantity": 1}}, {"model": "ordersapp.orderitem", "pk": 72, "fields": {"order": 60, "product": 1, "quantity": 1}}, {"model": "ordersapp.orderitem", "pk": 73, "fields": {"order": 61, "product": 2, "quantity": 4}}, {"model": "ordersapp.orderitem", "pk": 75, "fields": {"order": 62, "product": 4, "quantity": 1}}, {"model": "ordersapp.orderitem", "pk": 77, "fields": {"order": 63, "product": 2, "quantity": 10}}, {"model": "ordersapp.orderitem", "pk": 78, "fields": {"order": 64, "product": 1, "quantity": 1}}, {"model": "ordersapp.orderitem", "pk": 79, "fields": {"order": 64, "product": 2, "quantity": 1}}, {"model": "ordersapp.orderitem", "pk": 81, "fields": {"order": 65, "product": 3, "quantity": 1}}, {"model": "ordersapp.orderitem", "pk": 82, "fields": {"order": 66, "product": 1, "quantity": 1}}, {"model": "ordersapp.orderitem", "pk": 83, "fields": {"order": 67, "product": 1, "quantity": 4}}, {"model": "ordersapp.orderitem", "pk": 84, "fields": {"order": 68, "product": 1, "quantity": 1}}, {"model": "ordersapp.orderitem", "pk": 85, "fields": {"order": 68, "product": 2, "quantity": 1}}, {"model": "ordersapp.orderitem", "pk": 86, "fields": {"order": 69, "product": 1, "quantity": 1}}, {"model": "ordersapp.orderitem", "pk": 87, "fields": {"order": 69, "product": 2, "quantity": 1}}, {"model": "ordersapp.orderitem", "pk": 88, "fields": {"order": 71, "product": 1, "quantity": 1}}, {"model": "ordersapp.orderitem", "pk": 89, "fields": {"order": 73, "product": 1, "quantity": 1}}, {"model": "ordersapp.orderitem", "pk": 90, "fields": {"order": 74, "product": 1, "quantity": 1}}, {"model": "ordersapp.orderitem", "pk": 91, "fields": {"order": 75, "product": 1, "quantity": 1}}, {"model": "ordersapp.orderitem", "pk": 92, "fields": {"order": 76, "product": 1, "quantity": 1}}, {"model": "ordersapp.orderitem", "pk": 93, "fields": {"order": 77, "product": 1, "quantity": 1}}, {"model": "ordersapp.orderitem", "pk": 94, "fields": {"order": 78, "product": 1, "quantity": 1}}, {"model": "ordersapp.orderitem", "pk": 95, "fields": {"order": 79, "product": 1, "quantity": 5}}, {"model": "ordersapp.orderitem", "pk": 96, "fields": {"order": 80, "product": 1, "quantity": 5}}, {"model": "ordersapp.orderitem", "pk": 97, "fields": {"order": 81, "product": 1, "quantity": 1}}, {"model": "ordersapp.orderitem", "pk": 98, "fields": {"order": 81, "product": 2, "quantity": 1}}, {"model": "ordersapp.orderitem", "pk": 99, "fields": {"order": 82, "product": 1, "quantity": 1}}, {"model": "ordersapp.orderitem", "pk": 101, "fields": {"order": 84, "product": 3, "quantity": 5}}, {"model": "ordersapp.orderitem", "pk": 102, "fields": {"order": 85, "product": 1, "quantity": 1}}, {"model": "ordersapp.orderitem", "pk": 103, "fields": {"order": 85, "product": 3, "quantity": 4}}, {"model": "ordersapp.orderitem", "pk": 104, "fields": {"order": 86, "product": 1, "quantity": 1}}, {"model": "ordersapp.orderitem", "pk": 105, "fields": {"order": 86, "product": 3, "quantity": 1}}, {"model": "ordersapp.orderitem", "pk": 106, "fields": {"order": 87, "product": 3, "quantity": 1}}, {"model": "ordersapp.orderitem", "pk": 107, "fields": {"order": 87, "product": 2, "quantity": 1}}, {"model": "ordersapp.orderitem", "pk": 108, "fields": {"order": 88, "product": 1, "quantity": 1}}, {"model": "ordersapp.orderitem", "pk": 109, "fields": {"order": 90, "product": 3, "quantity": 1}}, {"model": "ordersapp.orderitem", "pk": 110, "fields": {"order": 92, "product": 3, "quantity": 81}}, {"model": "ordersapp.orderitem", "pk": 111, "fields": {"order": 92, "product": 3, "quantity": 4}}, {"model": "ordersapp.orderitem", "pk": 116, "fields": {"order": 94, "product": 1, "quantity": 0}}, {"model": "ordersapp.orderitem", "pk": 118, "fields": {"order": 94, "product": 6, "quantity": 0}}, {"model": "ordersapp.orderitem", "pk": 119, "fields": {"order": 94, "product": 5, "quantity": 0}}, {"model": "ordersapp.orderitem", "pk": 120, "fields": {"order": 95, "product": 1, "quantity": 2}}]